{
  "accuracy": 0.8305,
  "f1": 0.8623381311194332,
  "roc_auc": 0.8695745526465969,
  "best_params": {
    "n_layers": 3,
    "n_units_l0": 55,
    "n_units_l1": 200,
    "n_units_l2": 107,
    "alpha": 0.011180307377391447,
    "learning_rate_init": 0.0027114499578187678,
    "batch_size": 64,
    "activation": "relu"
  }
}